round	chunk	step	file	start_utc	dur_s	exit	errors	class	diagnosis
0	M1-LANE	probe	probes/M1-LANE.probe.lean	2026-09-28T03:19:48Z	0	2	0	ENV	MSYS/Git-bash path mangling: container path converted to C:/Program Files/Git/... ; exit 2 in 0 s, Lean never started. Fixed in proof/run_round.sh (MSYS_NO_PATHCONV=1), recorded in AGENTS.md
1	M1-LANE	probe	probes/M1-LANE.probe.lean	2026-09-28T03:28:10Z	355	0	0	S1	probe VERIFIED: all 51 #check lines elaborate, EXIT 0, zero errors, 355 s; log archived as probes/M1-LANE.probe.log
2	M1-FRAG-01	S3	M1F1/Basic.lean	2026-09-28T04:12:19Z	300	-	0	ENV	tool timeout: the harness killed the round at its 300 s default deadline mid-compile (async:true does NOT extend the deadline); no log produced. Superseded by round 3, which compiles the same file plus S0/S1/S4.
3	M1-FRAG-01	S0-S1-S3-S4	M1F1/Basic.lean	2026-09-28T04:23:58Z	320	1	1	F2	probe name `Nat.Prime.prime_int` does not exist at this pin + one linter unused-variable warning; ALL FOUR declarations elaborated anyway, so the step itself is S1 - the only re-round needed was deleting the bad probe line.
4	M1-FRAG-01	S0-S1-S3-S4-axioms	M1F1/Basic.lean	2026-09-28T04:30:29Z	341	0	0	S1	all four declarations elaborate: EXIT 0, 341 s, zero errors/warnings/sorry; #print axioms = propext, Classical.choice, Quot.sound. Certifying round for M1-FRAG-01.
5	B-01	B1-B2first	B/Basic.lean	2026-09-28T04:37:16Z	344	1	2	F2	syntax: `sum ... in ...` (ASCII binder) does not parse at this pin - `unexpected token in; expected ,`. All 8 pinned names exist. 2 errors, both that one line.
6	B-01	B1-B2first	B/Basic.lean	2026-09-28T04:44:24Z	347	1	2	F2	tactic: `omega` cannot prove the raw Icc-form range equality (truncated subtraction is not linear; it reports a spurious counterexample), and `sum_range_reflect` needs the reverse direction. 2 errors.
7	B-01	B1-B2first	B/Basic.lean	2026-09-28T04:51:05Z	350	1	2	F2	tactic: the two rewrites were the right idea but at the wrong nesting level - Lean had already simplified the reflected index. 2 errors, both index arithmetic, no mathematical content.
8	B-01	B1-rangeform-B2first	B/Basic.lean	2026-09-28T04:58:08Z	353	1	1	F2	tactic: only the h exponent was left unmatched after the descFactorial and x-exponent rewrites landed. 1 error.
9	B-01	B1+B2first	B/Basic.lean	2026-09-28T05:05Z	362	0	0	S1	B.1 (range form) and B.2 first equality elaborate: EXIT 0, 362 s, zero errors/warnings/sorry. B.2 second equality (falling-factorial sum = f^(k)(x)) is still unwritten, so B-01 stays TODO with 2 of 3 steps verified.
10	M1-FRAG-02	support	M1F2/Basic.lean	2026-09-28T05:11:04Z	370	1	5	F2	5 errors, all mechanical and all fixed in one round: `subst` eliminated the variable `n`; a `dvd_mul_of_dvd_right` where the factor is on the left; `pow_add` produced the exponent sum in the other order; and a `show n = (n-1)+1` rewrite replaced EVERY `n` in the goal (fixed by splitting `range (n+1)` on the bound `(n-1)+1+1` inside a local `have`).
11	M1-FRAG-02	support	M1F2/Basic.lean	2026-09-28T05:18:23Z	327	1	2	F2	2 one-liners: a `norm_num` ran on an already-closed goal, and the exponent needed `pow_add`.
12	M1-FRAG-02	support	M1F2/Basic.lean	2026-09-28T05:25:35Z	369	1	1	F2	1 error, a useful one: `pow_add` cannot fire while the other factor sits inside the right operand, so `mul_assoc` must reassociate first.
13	M1-FRAG-02	support	M1F2/Basic.lean	2026-09-28T05:32:17Z	361	0	0	S1	EXIT 0, 361 s, 0 errors: M1F2 support verifies - the ZMod<->Z bridge, the exponent helper, the tail-vanishing lemma n^(2s+1) | C(n,i)*(n^s Q)^i for 2 <= i <= n, and M1F2_expand_trunc.
14	M1-FRAG-02	S0-S1-axioms	M1F2/Basic.lean	2026-09-28T05:39:08Z	360	1	4	F2	4 errors: the three expansion lemmas all rewrote into hsol correctly, but linarith saw `(a^n)^n` and `a^(n^2)` as different atoms; a `pow_add` that cannot fire because Q sits inside the right factor; and `Int.ModEq.zero_iff_dvd` is really `Int.modEq_zero_iff_dvd` (lowercase modE).
15	M1-FRAG-02	S0-S1-axioms	M1F2/Basic.lean	2026-09-28T05:46:10Z	371	1	2	F2	2 errors, both one character: at this pin `pow_mul` is `a^(m*n) = (a^m)^n`, so the goal needs `rw [← pow_mul]` (rounds 14-15 burned on direction, not mathematics). Fixed in the file; NOT yet re-compiled - this is the next session first round.
16	M1-FRAG-02	S0-S1-axioms	M1F2/Basic.lean	2026-09-28T05:54:01Z	352	0	0	S1	M1F2_step_S0_seven + M1F2_step_S1_seven_prime elaborate.
17	B-01	s2deriv	B/Basic.lean	2026-09-28T06:28:42Z	24	1	1	F2	see pipeline/03-lean/B-01-s2deriv_round17.log | omega cannot do truncated-subtraction monotonicity (y>=m-k |- m-1-y<k): fix = Nat.sub_sub + add_comm + tsub_lt_iff_right
18	B-01	s2deriv	B/Basic.lean	2026-09-28T06:32:11Z	8	1	4	F2	see pipeline/03-lean/B-01-s2deriv_round18.log | Finset.sum_subset concludes with the SMALLER set on the left (needs .symm); the rw-chain for the index equality failed, omega works
19	B-01	probe2	probes/B-01b.probe.lean	2026-09-28T06:34:03Z	7	1	1	PROBE	see pipeline/03-lean/B-01-probe2_round19.log | signature probe: 12 of 13 names resolved (Finset.sum_range_eq_add_sum_Ico absent)
20	B-01	s2deriv	B/Basic.lean	2026-09-28T06:35:37Z	8	0	0	S1	see pipeline/03-lean/B-01-s2deriv_round20.log | B_step_S2_deriv accepted: exit 0, 8 s, 0 errors/warnings/sorry
21	B-01	axioms	B/Basic.lean	2026-09-28T06:36:42Z	8	0	0	S1	see pipeline/03-lean/B-01-axioms_round21.log | axioms evidence: B_step_S0_index_shift, B_step_S1_reindex, B_step_S2_deriv all [propext, Classical.choice, Quot.sound]
22	M1-FRAG-03	s0s1s2	M1F3/Basic.lean	2026-09-28T06:45:02Z	35	1	8	F2	see pipeline/03-lean/M1-FRAG-03-s0s1s2_round22.log | first attempt: 8 errors, all F2 cascades from 4 defects (nonlinear omega on (r+1)*s vs 2*s; rw-at-target-list demanding each lemma match every hypothesis; an unavailable divisibility route; then-behaviour of simp lists)
23	M1-FRAG-03	s0s1s2	M1F3/Basic.lean	2026-09-28T06:49:25Z	19	1	2	F2	see pipeline/03-lean/M1-FRAG-03-s0s1s2_round23.log | 2 errors: tail divisibility not obtainable from M1F2_choose_mul_pow_dvd (it discards the leftover n^((j-2)s)) -> new two-case M1F3_tail_dvd
24	M1-FRAG-03	s0s1s2	M1F3/Basic.lean	2026-09-28T08:17:47Z	13	1	4	F2	see pipeline/03-lean/M1-FRAG-03-s0s1s2_round24.log | 4 errors: dvd_mul_of_dvd_right yields c*b not b*c (needs dvd_mul_of_dvd_left) x3 + cascade
25	M1-FRAG-03	s0s1s2	M1F3/Basic.lean	2026-09-28T08:20:07Z	10	1	2	F2	see pipeline/03-lean/M1-FRAG-03-s0s1s2_round25.log | 2 errors: an edit stripped a bullet marker, merging two goals (No goals to be solved + unsolved goals at the refine site)
26	M1-FRAG-03	s0s1s2	M1F3/Basic.lean	2026-09-28T08:21:36Z	12	1	1	F2	see pipeline/03-lean/M1-FRAG-03-s0s1s2_round26.log | 1 error: rw [Finset.sum_range_add] already closed the goal; the follow-up simp+rfl were redundant
27	M1-FRAG-03	s0s1s2	M1F3/Basic.lean	2026-09-28T08:22:56Z	11	0	0	S1	see pipeline/03-lean/M1-FRAG-03-s0s1s2_round27.log | S1: M1F3_step_S0_eight, M1F3_step_S1_nine, M1F3_step_S2_ten all accepted; EXIT 0, 11 s, 0 errors/warnings
28	M1-FRAG-03	certify	M1F3/Basic.lean	2026-09-28T08:24:07Z	11	0	0	S1	see pipeline/03-lean/M1-FRAG-03-certify_round28.log | certificating round after the _hn3 rename: EXIT 0, 11 s, 0 errors, 0 warnings, axioms = propext/Classical.choice/Quot.sound on all 3 steps, no sorryAx
